Run,Accuracy,Precision,Recall,F1-score,FPR,AUC,Feature_Reduction_Rate,Training_Time_sec
Run1,0.9954616268586507,0.9924868760157978,0.9984994062241238,0.9954808819279526,0.007576152506822372,0.9998252114836651,0.7872340425531915,3387.610361099243
Run1,0.9971374521894109,0.995148924024596,0.9991473522077806,0.9971436918438443,0.004872447828958858,0.9999201712134669,0.7978723404255319,4356.332566738129
Run2,0.9939816376102877,0.9892411077581328,0.9988639905786788,0.9940203387013115,0.01090071535810329,0.9995308730152292,0.8031914893617021,4415.609569549561
