,Accuracy,Precision,Recall,F1-score,FPR,AUC,Feature_Reduction_Rate,Training_Time_sec
File_1,0.9905766869889094,0.9876266164768174,0.9936016146819534,0.9906051058643536,0.012448240704134502,0.9996229055516056,0.7804878048780488,2001.8250370025635
File_2,0.9895362918705373,0.9910159989778576,0.9880295109200176,0.9895205015619197,0.008956927178943107,0.9995215986285375,0.8292682926829268,1833.454042673111
File_3,0.9788490813556231,0.9685713043537953,0.9898162243564111,0.9790785301077184,0.03211806164516499,0.997393083252565,0.8780487804878049,1480.0148611068726
File_4,0.9879206227879833,0.9839497833382439,0.9920231553093835,0.9879699763512355,0.016181909733416894,0.9994614797598778,0.8292682926829268,1040.4362950325012
